id,downloads_bucket,files,tools,writes,guards,retries,candidates,patterns
0085fe99cfba,1-1k,11,38,3,0,0,9,
00bc5d68afa7,1-1k,1,7,0,0,0,0,
00f8cbbddc1c,10k-100k,1,0,0,0,0,0,
01ac8683f3c8,1-1k,48,13,17,12,1,0,
02047350d4a0,1k-10k,0,0,0,0,0,0,
02e647c3628c,1-1k,5,33,0,0,0,2,
0366bf0a39e6,1k-10k,54,42,34,15,0,9,B_method_blind_retry
042a3e99ad98,1-1k,7,7,0,0,3,0,
047406ad6dc8,1-1k,31,25,12,2,2,6,
048b5f66f0cd,1-1k,3,8,11,0,0,2,
0572289121a4,1-1k,10,19,14,0,0,8,
063c464062cd,1-1k,121,76,27,0,0,25,
06d567973604,1-1k,1,3,0,0,0,0,
07ef0a20dd6a,1k-10k,50,9,29,52,0,4,
084a4f4c6398,1k-10k,21,14,6,10,0,4,
087367c926a2,1-1k,47,27,6,0,0,8,
089ec38ca404,1k-10k,5,13,2,0,0,1,
09299a68df70,1k-10k,38,11,6,6,0,2,
09833ea4ff82,1-1k,28,11,4,0,0,3,
09bb33524446,1-1k,0,0,0,0,0,0,
09ce31e0abf4,1k-10k,23,27,4,9,0,7,
0a1bb3eb815f,1-1k,5,6,2,0,0,1,
0a8f578e1113,1k-10k,78,12,21,0,4,0,
0ab38bc3fdc9,1k-10k,6,20,3,7,0,0,
0ac288db0fe5,1-1k,37,68,105,10,2,12,
0ae6961b6621,1-1k,6,2,0,0,0,0,
0b29c6b01a3f,1k-10k,158,21,188,205,21,9,
0b37c90eb8ef,1-1k,26,8,0,0,0,0,
0b8b018706ae,1-1k,28,1,46,0,0,0,
0bab43ca13ef,1-1k,1,10,3,0,0,1,
0bcd7ce4e94a,1k-10k,133,4,5,1,6,0,
0bf39d70d907,1-1k,10,22,2,0,0,15,
0c321a756eff,1-1k,34,2,12,2,0,0,
0d14cd185c57,1-1k,28,10,4,0,1,1,
0d58c63dcd69,1-1k,16,16,9,0,0,5,
0da057f7254e,1k-10k,31,8,1,1,0,1,
0e02e1e21cdd,1-1k,34,35,12,33,0,14,
0f1cd3c2778c,1-1k,13,7,6,0,0,1,
0f524a5f6afe,1-1k,25,2,0,0,0,0,
0fb6955d1646,1-1k,6,2,0,0,0,0,
109404efbf10,1-1k,31,14,1,9,0,2,
111f5a52174a,1-1k,33,32,29,0,0,9,
11727d7ddb04,1-1k,21,41,8,29,0,4,
12beb3a3db7b,1-1k,46,13,78,65,0,4,
12fbd8e5cce8,1-1k,32,16,48,34,5,3,
1352bd736448,1-1k,25,0,0,0,0,0,
13b65970cce7,1-1k,26,0,0,0,0,0,
13edb2dd3d61,1k-10k,35,13,1,0,0,2,
13ee4391d602,1-1k,1,58,4,8,0,18,
13fa6fb00e91,1-1k,18,0,0,0,0,0,
14098ed92c2c,1k-10k,447,56,391,46,13,6,
16eae6cfcb6e,1-1k,17,40,7,0,0,4,
17359c88cf3f,1-1k,1,0,2,0,0,0,
1794ef7436a2,1k-10k,39,11,4,4,0,3,
17eee8cb6118,1-1k,16,0,1,0,0,0,
181dc4590733,1-1k,32,12,1,8,10,2,
18a7951da5b1,1-1k,13,1,1,0,0,0,
18e783e65fb4,1-1k,46,43,15,0,0,22,
193983ff3020,1-1k,2,7,2,0,0,1,
19b112019562,1-1k,89,38,37,59,4,12,
1a0740aa4a01,1-1k,96,52,14,74,1,23,
1a2a919f12db,1k-10k,18,13,4,24,10,3,
1a2bc6759c5f,1k-10k,3,0,0,0,0,0,
1a6ad84bd28e,100k+,0,0,0,0,0,0,
1a7e66ca0efc,1-1k,6,2,0,0,0,0,
1a80e4bf3531,1-1k,9,3,0,1,0,0,
1aa5887cb4ce,1-1k,112,78,52,22,22,1,
1b311373a7f7,1k-10k,168,35,19,33,19,11,B_method_blind_retry
1b64ab3170df,1-1k,6,2,0,0,0,0,
1b7363ac567c,1-1k,49,23,240,174,12,8,
1b761ea8e389,1-1k,19,5,10,0,1,2,
1b7dc5a52d38,1k-10k,68,38,35,27,0,9,
1bdb40cbe38b,1-1k,1,10,6,0,4,0,
1c172117e900,1k-10k,65,18,10,2,0,4,C_control_unreachable
1c706b34690d,1-1k,16,0,0,0,0,0,
1c74e7b630cd,1k-10k,42,17,4,5,0,8,B_method_blind_retry
1d980797d74c,1k-10k,147,19,80,16,1,9,
1f64ae7c840d,1k-10k,1,22,5,0,0,4,B_method_blind_retry
1f86040a1409,1-1k,30,9,20,6,0,0,
1fb3a5971eac,1-1k,1,37,0,0,0,8,
1fe3dcbec575,1-1k,26,91,23,0,0,19,
1ffbb089bf64,1-1k,50,6,38,8,11,1,
200fe935d501,1-1k,54,9,6,6,0,1,
205ba2e00fae,1-1k,9,9,0,0,1,2,
2089a5c73eeb,1-1k,36,50,9,0,0,2,
20b1f7851989,1-1k,112,11,12,4,3,1,
210717cb5b86,1k-10k,3,7,2,0,0,2,
2145582b65b9,1-1k,108,12,76,25,0,2,
21a6b600b651,1-1k,12,11,2,0,0,1,
21f9e87e9c00,1k-10k,50,21,1,5,1,3,
2271a402a9ba,1-1k,32,15,1,5,0,3,
22e1324d9162,1k-10k,52,5,26,0,3,0,B_method_blind_retry
22f896018582,1-1k,21,52,7,1,0,18,
238ebd5848f9,1k-10k,34,9,2,6,2,2,B_method_blind_retry
242f80416bff,1-1k,57,12,48,12,4,3,
2450ab631301,1-1k,15,14,1,1,5,1,
24b6bf6cf56a,1k-10k,34,1,0,0,3,0,B_method_blind_retry
24dcb003cfea,10k-100k,41,4,1,0,0,0,
255e05ae08de,1-1k,106,23,17,29,1,3,
258094817ba8,1-1k,45,14,0,0,0,1,
2594c682d9dd,1-1k,14,10,8,0,0,4,
261200c12df8,1k-10k,89,47,25,64,15,5,
26461ca9b9b1,1-1k,2,2,7,0,0,0,
264c5649e41e,1-1k,0,0,0,0,0,0,
2676bdad2d69,1-1k,1,0,0,0,0,0,
280478e4a713,1-1k,13,25,2,0,0,8,
28b1603e49ff,1k-10k,19,10,3,0,0,3,
28b16c518a50,1-1k,29,8,5,0,0,0,
2936afe3f0e0,1-1k,35,10,96,3,0,1,
2967f7de9bc0,1-1k,42,20,0,0,0,0,
29ab089c9afa,1-1k,11,38,1,3,4,15,
2a43c009fb5a,1k-10k,25,6,2,5,4,2,B_method_blind_retry
2a4fc860321d,1-1k,218,227,166,193,8,125,
2a6407a41b52,1-1k,23,6,0,0,0,0,
2a84f16d2dca,1k-10k,5,263,11,158,0,128,B_method_blind_retry
2b81302c3b27,1-1k,11,16,3,0,4,5,
2b8719b1349b,1-1k,124,5,35,44,6,2,
2bfa831ac579,1-1k,9,6,0,0,0,1,
2c58ea4e365c,1k-10k,8,9,2,0,0,0,
2c74c7fdee19,1-1k,7,14,0,0,0,4,
2c92d7d83e9a,1k-10k,2,0,2,0,0,0,
2cb3054da416,1k-10k,37,26,44,26,0,5,B_method_blind_retry
2cf93c52db0b,1k-10k,264,119,80,21,18,8,
2d136ac21ecd,1k-10k,44,11,2,7,3,6,B_method_blind_retry
2d1729f6ad28,1-1k,115,9,176,25,5,3,
2d36a971ed6a,1k-10k,140,58,18,30,0,7,
2d72baf22256,1-1k,8,16,1,0,0,3,
30577aea8f95,1-1k,14,3,1,0,0,0,
320f3eab6425,1-1k,41,4,8,18,0,1,
326d33a1ee77,1-1k,14,15,2,0,0,0,
32795124beb3,1-1k,10,3,0,1,0,0,
32aa930933fc,1k-10k,1552,374,100,98,11,32,B_method_blind_retry
32afd646ea5f,1-1k,0,0,0,0,0,0,
32f184643b69,10k-100k,28,2,3,0,0,0,B_method_blind_retry
32fbdd3fcfbb,1-1k,9,3,1,21,0,1,
334fb9100ba2,1k-10k,17,13,3,4,0,2,
3351794326d8,1-1k,6,5,3,0,0,0,
33646576e038,1-1k,86,24,4,16,7,8,
338a725c9734,1-1k,5,8,0,0,0,0,
3392f79c33a4,1-1k,346,0,115,98,12,0,
3395d0663140,1-1k,30,2,25,0,0,0,
33b8e005e25a,1-1k,11,7,0,0,3,2,
34b04fee5465,1-1k,10,9,5,0,1,3,
351db60f3f4e,1-1k,5,1,1,2,0,0,
35585a9e5ae6,1-1k,2,3,3,26,0,0,
3643ef603ca7,1k-10k,40,21,16,40,10,3,B_method_blind_retry
365e73d87780,1k-10k,270,20,25,28,3,4,B_method_blind_retry
36992cee6052,1k-10k,72,22,78,79,0,2,
38010cf8c028,1k-10k,49,2,12,1,4,1,B_method_blind_retry|C_control_unreachable
380b1672efc6,10k-100k,107,58,11,9,6,39,B_method_blind_retry
390aee8cbe1a,1-1k,1,5,0,0,0,0,
3913f8300250,1k-10k,43,8,1,0,0,2,B_method_blind_retry|C_control_unreachable
39579f905505,1-1k,14,7,6,7,3,3,
39a83fa00fff,1-1k,15,5,28,4,0,3,
39c8f2940e13,1k-10k,59,47,23,9,1,22,
3b115c135053,1-1k,56,30,18,1,0,23,
3b388f0820f4,1k-10k,134,435,49,10,7,179,B_method_blind_retry
3b5bd6147b5d,1-1k,723,290,317,752,8,72,
3b5d58faaa9c,1k-10k,329,214,121,65,72,20,
3ba44b742455,1-1k,8,3,5,0,0,0,
3bd1f4379e0a,1k-10k,80,4,16,37,0,1,
3c49317192fe,1k-10k,2,0,0,0,0,0,
3d1bd15148cf,1-1k,22,34,81,26,1,9,
3dbb32255ebd,1-1k,53,21,1,22,4,4,
3f69ca9bd10b,1-1k,3,4,0,0,0,0,
40f08ddd57f9,1-1k,31,12,6,3,0,2,
418e5d01fbcb,1-1k,17,21,6,0,0,2,
420c13cd1c7e,1k-10k,90,170,112,24,21,49,
42cf54c7b3dc,1-1k,16,58,2,14,0,28,
42d977a9ffb6,1k-10k,62,7,8,1,4,2,B_method_blind_retry|C_control_unreachable
43b6b04893fd,1-1k,1,20,1,0,2,0,
4465db3f2bbe,1-1k,1,6,5,0,0,1,
4467173e90e8,1-1k,33,14,0,13,0,7,
44a9451ee5e8,1k-10k,18,0,2,30,0,0,
44c7e479edcb,1k-10k,42,22,17,18,0,9,B_method_blind_retry
45fecff76824,1-1k,41,0,2,2,0,0,
46254af03ca8,1-1k,30,6,18,13,0,1,
46795371fb16,1-1k,57,0,25,16,3,0,
4708f86fd71b,1-1k,18,3,1,0,0,0,
473257495e5e,1-1k,29,10,1,6,0,2,
476b58ee7335,1-1k,33,8,2,0,0,3,
4789b2162dab,1-1k,3,19,5,22,0,0,
4829a54accee,1-1k,55,13,4,18,0,0,
4832b36f6b47,10k-100k,161,8,32,27,0,4,B_method_blind_retry
485a3107f0b7,1-1k,2,6,0,0,0,1,
48e6ba2bb107,1-1k,28,12,3,0,0,5,
4945957644ea,1-1k,31,7,23,2,3,0,
4961afcfd3ab,1k-10k,0,0,0,0,0,0,
49bf1b3b6f2d,1-1k,128,5,22,5,1,1,
4a67eec38e49,1k-10k,1,9,0,1,0,3,
4b1827434c76,1-1k,11,26,2,0,0,6,
4b26d8b4e24f,1-1k,3,0,0,0,0,0,
4bc80de3c5f7,1k-10k,24,41,15,41,0,11,
4bd90a3a2fb6,1-1k,30,48,0,82,0,8,
4c468d4fc118,1k-10k,202,56,72,41,1,26,B_method_blind_retry
4c5d44a94e43,1-1k,43,12,3,0,0,0,
4cbb160e1c5a,1-1k,389,171,142,43,0,66,
4cc4fce0e25c,1-1k,5,27,17,0,0,8,
4ce29a2e6ee9,1-1k,99,20,21,4,3,4,
4d6073f15ec3,1-1k,61,35,30,0,2,25,
4db7c4b3fc47,1-1k,1,2,0,0,0,0,
4e06630e9d11,1-1k,5,8,6,3,0,3,
4e1cb0fd77b7,1-1k,74,30,10,0,0,5,
4f98eb58cc99,1-1k,22,2,11,1,1,2,
50b69bf2000e,1k-10k,26,3,6,1,1,2,
510333b5012f,1-1k,1,7,1,0,0,2,
513f66419cc7,1-1k,12,37,3,0,0,9,
51c500cbfe9c,1-1k,27,27,5,0,0,2,
51dd34b99841,1-1k,5,5,3,7,0,3,
51e711ad29da,1-1k,135,19,155,0,0,8,
5213b4611025,10k-100k,211,18,64,49,0,3,B_method_blind_retry
5226fdddda18,1-1k,39,10,1,5,0,2,
52729f7b81ad,1k-10k,13,9,10,0,5,1,A_fresh_randomness|B_method_blind_retry
527f333ee9c9,1k-10k,54,0,12,0,0,0,
5361cbe91908,1-1k,5,13,9,2,0,2,
53fa4a9d2560,1-1k,56,30,25,3,0,7,
54193688747e,1k-10k,188,40,91,65,5,17,B_method_blind_retry
54e86eaac804,1-1k,31,12,3,7,0,2,
55461674ba07,1-1k,15,1,2,0,0,1,
5569d33126b7,1-1k,3,6,0,0,0,0,
55b1655d7a70,1-1k,2,4,3,3,0,3,
55e57caff6d8,1-1k,123,3,126,10,0,0,
56c5c5d5b106,1-1k,1017,70,951,202,5,17,
56ecc5abe531,1-1k,23,13,1,0,0,0,
56fd3f798155,1-1k,64,182,128,3,0,60,
5726dd103fdd,1-1k,27,32,9,2,1,8,
5740f593f07a,1-1k,6,2,4,10,0,0,
5745bf3e009c,1k-10k,12,12,0,0,0,4,
57adbbdf41b5,1k-10k,219,0,39,33,26,0,B_method_blind_retry
57c4bec0ab43,1-1k,1,10,1,0,0,4,
58babbe12f05,1-1k,14,2,2,0,0,1,
58d5ed387a0c,1k-10k,242,335,84,316,2,78,
595290f2f991,1k-10k,2,6,1,0,3,0,B_method_blind_retry
5955ae70ce5d,100k+,62,39,4,0,0,10,
59be3d5da3ea,1-1k,15,3,0,5,0,0,
59be3d5da3ea,1-1k,15,3,0,5,0,0,
59da713b7f2a,1-1k,30,8,7,1,0,2,
5a0a67fef9c4,1-1k,55,30,1,20,0,9,
5a1ac6b5c578,1k-10k,32,82,42,73,6,12,
5a9bb45f11da,1k-10k,505,67,105,566,7,14,
5acdc5631bef,1-1k,10,9,1,0,0,3,
5affea9b46cd,1-1k,11,4,6,0,3,3,
5b8b917cc623,10k-100k,164,3,105,151,5,1,B_method_blind_retry
5c1eb1f89b28,1-1k,23,17,2,0,0,7,
5d12aee1f783,1-1k,4,14,0,0,0,2,
5d81e5dba6d4,1k-10k,107,37,24,1,0,13,B_method_blind_retry|C_control_unreachable
5d920f36185d,1k-10k,63,75,15,15,28,2,
5e01117122ba,1k-10k,16,4,4,0,3,0,B_method_blind_retry
5e28f084a428,1-1k,27,39,6,19,0,3,
5ef4c1d7ff76,1-1k,35,13,2,4,0,3,
5f001285a94e,1k-10k,240,20,53,2,3,3,
607c96b4a7bd,1-1k,10,9,0,1,5,0,
61405e10a753,1k-10k,56,1,6,0,0,0,
614b18657d6c,1-1k,4,13,0,0,0,4,
61a27eff9275,1k-10k,9,2,7,2,2,0,B_method_blind_retry
61cb1db97224,1k-10k,51,21,7,5,0,1,
62059cfe7a8b,1-1k,45,13,4,4,0,3,
631c061ac73e,1-1k,68,76,11,14,1,3,
63348a6fc5cc,1-1k,5,21,2,0,0,9,
63a0c1fbd0c2,1-1k,46,9,22,0,6,0,
643df37feb4d,1-1k,97,56,15,14,1,0,
6441450c7c17,1-1k,34,1,12,1,0,0,
64e000ca37cf,1-1k,20,26,2,0,0,5,
652dd2dbca96,1-1k,57,25,11,23,0,0,
657ddd4be2e0,1k-10k,7,4,0,0,0,1,
65aacc6e8cfc,1-1k,7,2,0,0,0,1,
65c50365295e,10k-100k,30,20,4,1,0,6,C_control_unreachable
660d333e75f4,1-1k,2,7,0,0,0,3,
669e0c4c4e0d,1-1k,69,9,3,0,2,3,
671cf6ed9efc,1k-10k,52,49,51,0,0,17,C_control_unreachable
6786c1223e00,1-1k,22,7,1,4,3,1,
681a2bf85036,1-1k,21,9,2,0,1,2,
6827ea7a06e2,1-1k,158,46,61,21,3,10,
68a3c087d0e6,1k-10k,155,6,58,0,0,1,C_control_unreachable
68b2bad7888a,1k-10k,160,80,78,62,67,22,
68ca06787fc4,1-1k,164,72,80,84,16,23,
69e2dafdafcb,1-1k,28,1,22,7,0,0,
6aa7b9b9ae32,1-1k,12,10,3,26,0,0,
6b38513b0de9,1k-10k,13,0,0,4,0,0,
6b45c9f4d1a3,1-1k,424,332,103,7,1,135,
6b516cfe5b60,1-1k,6,2,0,0,0,0,
6b6b956c3e7a,1k-10k,29,11,2,0,0,2,
6badeb6dc55a,1-1k,32,11,1,7,0,2,
6c645c971a89,1-1k,34,12,3,3,1,2,
6cb975672409,1-1k,29,28,48,90,0,11,
6cdc369ac318,10k-100k,1165,127,175,107,4,7,
6d2214c2ccd1,1-1k,34,11,1,7,0,2,
6d34b5292a94,1-1k,33,6,0,0,0,0,
6d3960f51d0c,1-1k,115,44,14,6,4,14,
6d431d1978e3,1-1k,56,86,19,3,5,8,
6d85393a962c,1-1k,62,5,1,7,5,1,
6d910576f990,1k-10k,522,37,145,93,19,7,
6f6d5c9c2d21,1k-10k,438,348,106,31,0,168,B_method_blind_retry
70aceaa53e12,1k-10k,1,1,1,0,0,0,
70da33e2107b,1-1k,14,11,1,5,0,2,
70ebcf9cc4c5,1-1k,136,20,50,209,21,10,
718a0a450fcc,1-1k,26,4,15,37,1,2,
71a7b0191d57,1-1k,21,42,24,3,2,1,
71ee0357ad87,1-1k,15,7,0,0,0,3,
720d3db9034a,1k-10k,18,6,4,0,0,0,
7221e9134558,1-1k,692,53,200,114,56,21,
7230be63e738,1-1k,1,9,3,9,0,3,
7238df7567ca,1-1k,6,2,0,0,0,0,
72b9baf271b4,1k-10k,187,62,328,16,14,20,
72ef60158fc8,1k-10k,27,15,5,0,0,6,
7417c4c4eaae,1-1k,93,44,181,18,14,18,
7474a1bc3e50,1-1k,33,6,7,6,0,1,
7536a7849ac6,1k-10k,7,17,2,2,0,5,
7554237a1e36,1k-10k,3,15,0,3,0,7,B_method_blind_retry
7582c4632fe7,1-1k,45,20,8,2,0,4,
75ac3f21a197,1-1k,52,10,8,0,3,0,
7703271a3403,1-1k,72,35,61,49,6,2,
772d4d0157dd,1-1k,479,21,4973,13,0,17,
77ba2a6f1fe6,1-1k,76,39,14,35,2,20,
77d1da90d5c1,1-1k,15,2,5,8,0,0,
7894698b02da,1-1k,11,6,0,0,0,1,
798d5093f5fd,1-1k,5,6,0,0,1,0,
79bc43c27e00,1-1k,64,130,49,11,0,21,
79c867a63f0c,1k-10k,16,5,2,0,1,2,
7a41220e60ac,1-1k,171,59,25,46,1,5,
7a420750102e,1-1k,1842,73,1934,1677,350,25,
7a63b10831ac,1-1k,27,0,7,0,4,0,
7b061555c391,1k-10k,40,47,2,3,0,12,
7b2f50428b3c,1-1k,46,10,8,30,2,3,
7bc84800460f,1k-10k,20,31,0,1,0,3,
7bc880db9b9a,1k-10k,6,17,5,3,0,8,A_fresh_randomness|B_method_blind_retry
7c06643f98d2,1-1k,9,8,5,0,0,1,
7c311e952db6,1-1k,9,4,0,0,0,2,
7c8c169bc930,1k-10k,85,57,11,0,0,16,
7ca3f8c316fd,1-1k,24,40,4,44,0,9,
7ce97ef8b3f6,1k-10k,16,42,50,2,6,10,
7cfc4c500b16,1-1k,8,5,2,0,0,1,
7d1d621a7038,1-1k,47,9,8,31,6,3,
7d4ce8c0163c,1-1k,31,11,0,9,0,2,
7d4d5c997fff,1k-10k,64,22,15,0,0,2,A_fresh_randomness|B_method_blind_retry
7d66671791a6,1k-10k,32,10,1,3,0,2,
7da8722ec2e4,10k-100k,26,6,8,0,0,1,A_fresh_randomness
7df17728db08,1k-10k,0,0,0,0,0,0,
7e42092f92e1,1k-10k,58,24,34,65,3,12,
7fac171fcf13,1-1k,3075,1107,3403,1220,163,172,
7fae8f7de602,1-1k,15,21,5,0,0,4,
7fce13a19ab8,1-1k,32,28,6,0,0,5,
804e50c2ed97,1-1k,1,5,1,0,0,5,
80544cb5d9b3,10k-100k,47,18,13,8,0,14,B_method_blind_retry
816bed9c3fef,1-1k,19,16,7,0,0,0,
8174ff2d1caa,1-1k,7,5,2,0,0,0,
81e3fcdc6805,1-1k,3,10,0,0,3,6,
82151e39fceb,1k-10k,66,168,12,36,1,96,
827f3113d8e0,10k-100k,12,2,2,2,0,1,C_control_unreachable
82cf0cff5fd4,1-1k,27,9,1,7,0,2,
834385161479,1k-10k,1097,82,1716,397,12,21,
83cb362fc05c,1-1k,28,87,26,33,4,39,
844c755ac2cd,10k-100k,132,142,13,9,6,1,B_method_blind_retry
844f1d2dc934,1k-10k,63,12,4,2,0,0,
84bd78a3907c,1-1k,7,4,0,0,0,1,
84fbc3acb4ea,1k-10k,6,2,0,0,0,0,
85d252984c20,1-1k,20,14,0,0,0,2,
86c6354266a4,1k-10k,65,73,4,0,0,26,
87a3f59d0479,1-1k,13,0,3,0,1,0,
87cfd8a68608,1k-10k,137,50,44,69,28,8,
880a0ec65565,1-1k,65,34,85,79,4,20,
880af4848f42,1-1k,71,38,10,0,2,8,
887084f6b803,1-1k,227,5,135,49,15,1,
890d136d5c7c,1-1k,141,156,108,13,86,23,
892a8e43392b,1-1k,26,30,0,1,1,0,
897f1aacabdd,1-1k,18,1,0,3,0,0,
8980b82c2da4,1-1k,6,2,0,0,0,0,
89f4de233185,1-1k,1,6,1,0,0,1,
8a29455907c3,1-1k,104,43,51,16,3,18,
8a8151fd961e,1-1k,3,3,4,0,0,0,
8a9d0a44b447,1-1k,8,13,37,0,0,9,
8ab0da582873,1-1k,2,5,1,2,0,1,
8b258980e325,1k-10k,48,36,18,6,1,20,
8bd71dec493d,1-1k,178,63,51,33,0,2,
8bd7848045cc,1k-10k,17,7,24,7,0,0,
8c1bc6597e02,1-1k,23,49,12,2,0,12,
8c4577e997c3,1k-10k,240,41,18,80,4,13,B_method_blind_retry
8c6982fd0280,1-1k,4,0,0,0,0,0,
8c71775d3ea2,1-1k,73,0,61,11,2,0,
8d96b5f75b03,1k-10k,64,103,27,14,2,23,
8e270311b3cc,1-1k,17,20,2,0,0,2,
8e511ab2ec6b,1k-10k,90,13,14,1,2,1,
8e8d1461735a,1-1k,15,23,2,0,0,4,
8ec3935f7521,1-1k,27,61,13,61,1,23,
8f1226255191,1k-10k,173,24,266,28,2,3,
8fc3aa6f066e,1-1k,187,54,128,115,18,2,
8fd4064f1f0c,1k-10k,47,38,2,3,0,7,
9027cdbf9efc,1-1k,600,64,378,218,45,17,
90b82f094031,1-1k,9,6,11,0,0,0,
91f64bc8a4c5,1-1k,604,163,133,3,24,42,
9309679ef662,10k-100k,100,48,159,148,48,12,
934b5fae4327,1-1k,42,21,27,5,16,6,
935d9be215ec,1-1k,4,25,6,0,0,0,
951975edff14,1-1k,5,1,0,0,0,0,
952a35c4a465,1-1k,6,2,0,0,0,0,
95bcf9e4507e,1-1k,51,3,29,29,0,0,
9655b3d4a36f,1-1k,36,13,1,11,0,2,
9688ed86d693,1-1k,3,10,0,0,0,1,
968d49723d0a,1k-10k,223,152,52,81,3,26,
96914141b77a,1-1k,14,68,35,0,0,26,
96acac2b7777,1k-10k,36,11,1,6,4,2,
96b60f9ceb79,1k-10k,22,10,9,39,0,3,
96eca3aa0909,1-1k,292,78,102,6,25,17,
972b6d036146,1-1k,1,0,0,0,0,0,
976112cda353,1-1k,9,27,40,0,0,21,
9798b8bb4de0,1-1k,21,42,7,0,0,10,
98656a7b855c,1-1k,22,8,5,3,0,0,
995dbe74d953,1k-10k,9,2,1,2,0,1,B_method_blind_retry|C_control_unreachable
9a6834cf9bcd,1-1k,5,45,6,0,0,23,
9b05cff6de90,1k-10k,4,2,11,8,0,0,A_fresh_randomness
9b2d4a6b4f05,1-1k,27,9,8,0,1,5,
9be324bb4509,1k-10k,3,49,10,2,0,11,C_control_unreachable
9bea3be35347,1k-10k,0,0,0,0,0,0,B_method_blind_retry
9cd473bb38ca,1-1k,24,12,0,0,4,3,
9ceea1e5329e,1-1k,1,6,0,0,0,0,
9d1ebb39f964,1k-10k,152,233,82,12,14,21,
9d757286614f,1-1k,5,9,9,0,0,3,
9e3b48c05dc8,1-1k,316,79,67,744,4,23,
9e3d46f2356e,1k-10k,3,2,2,0,0,0,
9ee386edc9ae,1-1k,1,3,0,0,0,0,
9efdb09a31e3,1k-10k,34,13,1,10,0,2,
9f9af6a0238d,1-1k,12,49,5,44,0,12,
a051640c262b,1-1k,28,71,24,59,0,25,
a0756e3c16ae,1-1k,47,11,3,7,0,4,
a07e8ba3cb3b,10k-100k,69,9,6,10,0,1,B_method_blind_retry
a102a1e876ec,1k-10k,19,148,19,199,3,65,
a19e95ffaf4a,1-1k,13,3,2,0,0,0,
a269ba4c9e05,1k-10k,1867,125,805,565,143,23,
a2733f0462cd,1-1k,33,18,1,12,0,2,
a2a829571ebd,1-1k,1,0,0,0,0,0,
a342e2abdd30,1k-10k,28,5,74,16,2,3,
a3536a224771,1-1k,5,6,0,0,0,1,
a3bfaa2e21b6,1-1k,109,25,23,23,11,1,
a3eda57ec510,1-1k,114,43,96,0,0,6,
a4228b1f0b4b,1k-10k,22,7,3,10,0,2,B_method_blind_retry
a426327d8513,1-1k,74,46,20,57,2,18,
a43f75a4978b,1-1k,1,6,0,0,0,0,
a4909ac03ac1,1-1k,79,0,250,16,0,0,
a53a10a1be83,1-1k,34,66,7,0,0,31,
a683c8925c44,1k-10k,13,3,1,0,0,0,
a707bc4ae43e,1-1k,115,7,44,30,2,2,
a708721c1799,1-1k,1,2,0,0,0,0,
a77b17b49353,1-1k,4,19,10,2,0,3,
a82703e6753b,1-1k,9,22,12,52,0,9,
a82f28add927,1-1k,79,2,26,0,2,0,
a83179196eb7,1k-10k,87,7,19,85,10,2,B_method_blind_retry
a8f3dcd247bf,1-1k,63,19,10,4,2,9,
a91498d14058,100k+,55,236,129,36,0,97,B_method_blind_retry
aa0548ad2717,1-1k,2,13,2,0,0,6,
aa91c8133f12,1-1k,84,72,7,2,0,5,
aad27173b998,1-1k,9,9,0,0,0,2,
ab073740d200,1-1k,76,8,2,0,0,0,
ab6e07eedc67,1k-10k,11,49,0,63,0,9,B_method_blind_retry
ac071e8a244f,1-1k,3,3,0,0,0,0,
ac076bab00b9,1-1k,116,392,11,5,0,27,
ac0b3ba3f57d,1k-10k,53,42,12,6,2,7,
ad4e7c086716,1-1k,17,6,11,11,6,2,
ad60f29c171a,1-1k,26,7,1,1,1,2,
ad8d010248fb,1-1k,21,6,5,1,0,0,
adeb8998ae0c,1-1k,6,2,0,0,0,0,
ae26f3516c37,1-1k,3,6,2,0,0,0,
ae53b704fd6e,1-1k,31,11,1,0,0,1,
ae6135b84eb6,1-1k,5,16,9,3,2,3,
ae8abbfd366f,1-1k,26,77,4,4,0,0,
aece1a7a628b,1-1k,10,12,2,0,0,0,
aeecbf918ab4,1-1k,35,21,20,0,6,2,
aef14df72ebf,1k-10k,36,13,1,8,0,3,
af0abc667309,1k-10k,59,50,63,7,0,12,B_method_blind_retry
af337a5f8b96,1k-10k,84,9,39,51,5,3,
af68f16d8e58,1-1k,26,150,33,0,0,64,
b005e01238ab,1k-10k,76,6,21,8,0,1,B_method_blind_retry
b02cd6f016ff,1-1k,328,49,57,19,5,3,
b0642c7c6d12,1k-10k,2,1,1,0,0,0,
b0b08737b209,1-1k,538,0,281,145,4,0,
b0ec2c3398c5,1k-10k,0,0,0,0,0,0,
b158461e8aaf,1-1k,24,4,26,24,13,0,
b174f7c34699,1k-10k,149,57,19,78,0,14,
b18acf1610af,1-1k,5,2,0,0,0,1,
b3ec4aa36337,1-1k,892,626,747,435,34,361,
b42074e80abd,1k-10k,42,26,0,9,0,0,B_method_blind_retry
b4dc23ec6d6e,1k-10k,27,30,5,3,0,13,
b4e975ecb61b,1-1k,130,31,105,84,1,9,
b5499e3fbe17,1-1k,27,104,16,151,0,37,
b555cc6b7396,1k-10k,27,10,1,0,0,2,
b5855ca42b15,1-1k,15,7,0,0,0,2,
b5f2f505636a,1-1k,2,1,2,0,0,0,
b736fd1add15,1k-10k,51,22,11,0,0,4,
b77baa8a7d9f,1-1k,76,21,12,46,1,8,
b84895eecb52,1-1k,68,14,30,0,0,2,
b867ac28c30c,1-1k,2,3,1,0,0,1,
b8cec1122c2f,1k-10k,173,63,0,0,0,3,A_fresh_randomness|B_method_blind_retry
b918e48f4e20,1k-10k,45,22,5,2,0,4,
b9d1f9e7a8cf,1-1k,11,0,5,0,0,0,
ba7892602f42,1-1k,59,37,8,0,0,2,
bac83330f775,1-1k,0,0,0,0,0,0,
badbd6c1878f,1-1k,6,0,5,0,0,0,
bb0677e80550,1-1k,6,8,1,0,0,1,
bb5bc45abbd8,1-1k,2,6,1,4,0,4,
bb8ca7d5fcdb,1-1k,33,13,1,4,0,3,
bb8e61de62e7,1-1k,14,5,8,6,0,5,
bbd575de9479,10k-100k,143,216,151,67,9,84,B_method_blind_retry
bc261c42a279,1-1k,45,9,0,0,0,1,
bd055bb16e48,1-1k,0,0,0,0,0,0,
bd2b02d43b19,1-1k,6,20,0,0,0,3,
bd2cc15fd9f4,1-1k,10,3,2,0,0,0,
bd54a5290818,1-1k,18,33,0,0,0,9,
bd98b8cc3d50,1-1k,1,0,0,0,0,0,
bdb81ae806af,1k-10k,34,22,8,6,0,3,
bde8b67a7fa6,1k-10k,90,82,23,1,0,10,B_method_blind_retry|C_control_unreachable
c07c846889e0,1-1k,80,22,44,13,0,2,
c0f39e4f48b8,1k-10k,124,139,230,3,5,38,
c14ab5e65ded,1-1k,58,15,29,22,1,2,
c1cc221265f4,1-1k,0,0,0,0,0,0,
c1d2b150c517,1k-10k,95,19,14,0,2,4,B_method_blind_retry|C_control_unreachable
c202d4ab7f7f,1k-10k,292,160,44,19,8,7,B_method_blind_retry
c23dca491729,1-1k,20,20,6,3,10,2,
c24c56d89ad2,1-1k,152,41,65,82,13,0,
c2966f168408,1-1k,2,7,0,0,0,0,
c2f48f3d5d5c,1-1k,207,93,55,8,3,24,
c36156f486ca,1k-10k,35,14,1,11,0,7,B_method_blind_retry
c3f1dde0a8b0,1k-10k,36,14,4,4,10,0,
c4d5c67c77a1,1k-10k,60,124,18,147,7,24,
c4d79073b974,1-1k,1,5,0,0,0,0,
c541e81afe48,1-1k,4,11,21,13,8,0,
c558786a2f6f,1k-10k,124,27,27,22,0,19,
c558786a2f6f,1k-10k,124,27,27,22,0,19,
c558786a2f6f,1k-10k,124,27,27,22,0,19,
c558786a2f6f,1-1k,124,27,27,22,0,19,
c558786a2f6f,1-1k,124,27,27,22,0,19,
c5a0236dfc7d,1k-10k,87,15,30,146,20,0,
c5a1d2637efd,1-1k,11,15,0,0,0,0,
c642327d6467,1-1k,5,8,0,0,0,3,
c6471b6fd96a,1-1k,267,29,91,46,3,7,
c653cd462945,1-1k,32,11,1,1,3,2,
c6683b33a127,1-1k,110,69,49,71,4,13,
c698a42e019c,1-1k,80,27,47,51,0,4,
c7bc16f2e127,1-1k,1075,24,584,171,22,0,
c7c557b92727,1k-10k,54,3,12,0,2,0,
c80adf53d1b8,1-1k,88,3,2,8,1,2,
c8153400e1e1,1-1k,35,149,9,0,0,13,
c8153400e1e1,1-1k,35,149,9,0,0,13,
c887c745d5f4,1-1k,32,2,37,102,8,0,
c8e99217ce7b,1-1k,29,26,136,50,0,9,
c92bd818e570,1-1k,136,9,14,13,5,1,
c96ce041eaad,1-1k,9,13,2,6,0,7,
ca2b414483e1,1k-10k,467,32,73,56,27,1,
ca69388c77fc,1-1k,7,33,0,77,6,20,
cb43e40b2fdd,1-1k,18,31,3,16,0,10,
cb45fd416a45,1-1k,15,10,2,0,0,1,
cb8d4267d88c,1-1k,0,0,0,0,0,0,
cc15abdba7e5,1k-10k,55,49,18,0,0,12,
cc1e3b56d15c,1-1k,3106,127,839,13,33,12,
ccffb57718a0,1-1k,1,4,1,0,0,2,
cd436c959470,1-1k,170,92,112,10,1,38,
cdb55faa1cd2,1-1k,37,1,5,0,0,0,
ce2d9d345d98,1-1k,2,4,0,0,0,0,
ce57539f0272,1k-10k,369,403,23,110,16,62,
ce8705e7df0e,1-1k,10,15,6,16,4,0,
ceb8bb092670,1-1k,136,98,29,67,2,22,
d0d19f019898,1k-10k,4,10,7,34,1,7,
d0d407fcd1ef,1-1k,385,26,635,103,16,12,
d1bc036a0f53,1-1k,2,20,3,10,0,4,
d1ec36e6ae5d,1-1k,245,186,39,30,24,39,
d215411aa376,1-1k,20,24,2,0,3,3,
d2ae3abc8d86,1-1k,16,9,0,0,0,0,
d38f790ea755,1-1k,8,6,2,0,0,0,
d48f71ebc3ed,1-1k,1,18,10,0,0,0,
d567989922c4,1-1k,19,13,25,7,0,0,
d571f9c9fa0f,1-1k,24,23,6,25,0,4,
d59875b756d1,1k-10k,520,224,4,11,21,91,
d59875b756d1,1-1k,520,224,4,11,21,91,
d59875b756d1,1-1k,520,224,4,11,21,91,
d59875b756d1,1-1k,520,224,4,11,21,91,
d59875b756d1,1-1k,520,224,4,11,21,91,
d59875b756d1,1-1k,520,224,4,11,21,91,
d59875b756d1,1-1k,520,224,4,11,21,91,
d62ae8886354,1k-10k,30,18,24,32,1,6,
d656dcb6b15a,10k-100k,8,7,1,0,0,0,
d7014dc7627c,1k-10k,9,18,11,10,0,11,
d7d8562c1b4e,1-1k,713,170,396,355,29,86,
d9225e446583,1k-10k,6,2,0,0,0,0,
d963467d01d7,1-1k,172,10,9,7,0,2,
d96cc0e6beda,1-1k,2,16,0,0,0,0,
d9d67fba2bb6,1-1k,34,9,3,8,3,1,
da1d67929401,1-1k,13,7,5,0,0,0,
daeee0818c9b,1-1k,7,1,0,0,0,0,
db29dcc6b68f,1k-10k,15,96,22,0,0,91,
db310acfa597,1-1k,3,26,2,0,0,9,
dc72a22fc0f5,1k-10k,3182,1752,788,269,61,375,
dc72a22fc0f5,1k-10k,3182,1752,788,269,61,375,
dcb38982c17a,1k-10k,5,11,0,0,0,1,
dce137ae1e0f,1-1k,11,15,0,0,6,0,
dd29229cf8ed,1-1k,10565,0,0,4,0,0,
dd6e2bc226e3,1-1k,11,11,0,0,0,1,
de1b6c5be375,1-1k,18,14,11,15,1,5,
de74ad53aa25,1-1k,13,0,3,8,4,0,
ded5dd2fc6f4,1k-10k,115,17,3,6,0,1,B_method_blind_retry
df45e69c7c98,1-1k,172,30,23,10,31,17,
df5a3af4f99d,1-1k,973,153,595,409,25,24,
df5ee5aa55b0,1-1k,31,26,1,26,0,0,
e03f5edc974e,1-1k,13,1,0,0,0,0,
e05822e4974d,1k-10k,466,169,258,103,38,33,
e144604b82c1,1k-10k,11,5,2,0,0,4,
e19f458236ee,1-1k,4,1,1,0,0,1,
e2a01e218ce3,1-1k,2,1,2,0,0,0,
e2efd2a512e5,1k-10k,2,2,7,0,0,0,
e336d53eff5d,1-1k,8,8,1,0,0,0,
e33b76c17814,1-1k,272,44,18,5,13,6,
e381afa534a1,1k-10k,46,50,14,8,0,9,
e38ad3e96f90,1-1k,23,1,25,17,0,0,
e3c0241e9841,1-1k,612,24,69,0,10,2,
e3c2c251bbf9,1k-10k,26,10,1,6,0,4,B_method_blind_retry
e3e6bc9a00e8,1k-10k,6,9,8,0,3,0,A_fresh_randomness|B_method_blind_retry
e3ea248940f1,1-1k,3,11,0,0,0,4,
e49fd6b766ab,1-1k,16,2,4,0,0,0,
e56c8023dcd8,1-1k,8,0,0,3,0,0,
e5ac473cabb7,1-1k,2,1,0,0,0,0,
e61f9a6b8ec2,1-1k,52,70,16,6,0,35,
e688e17d2729,1-1k,117,27,14,19,5,4,
e6a582678356,1k-10k,25,2,11,2,0,0,
e797afad5b82,1-1k,9,7,6,0,0,0,
e7a0ea85ea8f,1-1k,10,34,3,0,1,15,
e7e2150c9a87,1k-10k,1741,28,17,1,2,2,A_fresh_randomness|B_method_blind_retry
e87d6fc85af1,1k-10k,392,175,130,115,37,11,
e8de9c1f951e,1-1k,8,10,0,0,0,3,
ea4b941e0276,1-1k,21,16,3,18,7,1,
eb35333e4dab,1-1k,320,53,68,66,5,20,
ec1316bd0142,1-1k,77,145,12,6,0,11,
ec28c0c4af23,1-1k,18,9,3,7,0,5,
ec6a4c1ad720,1-1k,25,42,5,0,0,9,
ec88477ef5f6,1k-10k,7,10,8,0,0,0,
ecf495e5eb8d,1-1k,163,26,44,33,0,6,
ed8dff3f17b9,1-1k,1,9,1,0,0,1,
ef830f5109ec,1-1k,26,9,1,5,0,5,
ef9f36311537,1-1k,19,24,8,8,1,13,
efaf88a97338,1k-10k,2,12,0,0,0,2,
efca146af0b0,1-1k,12,33,15,33,0,10,
f0acf9a5fcc5,10k-100k,27,9,7,0,0,1,A_fresh_randomness
f11aabd9bdd9,1-1k,5,8,3,0,0,0,
f1ba7cc402a4,1-1k,1,4,1,0,0,1,
f1f6b729b04d,1-1k,19,11,1,11,0,1,
f2f6b3feb9eb,1-1k,39,0,80,35,10,0,
f30da725be29,1k-10k,79,9,38,1,0,1,C_control_unreachable
f4021646acb5,1-1k,1471,319,978,380,56,57,
f449091fc6a8,1-1k,25,8,1,1,0,2,
f44a56d71a13,1-1k,3,9,1,16,0,0,
f51c573d9cb3,1k-10k,442,109,264,104,26,34,
f546c5f3fc14,1k-10k,16,16,18,0,0,7,A_fresh_randomness|B_method_blind_retry
f54c18aa4093,1k-10k,6,2,0,0,0,0,
f5931ad3bcb1,1k-10k,50,6,3,25,1,2,
f71024b62268,1-1k,12,6,1,0,2,1,
f82e67357726,1-1k,12,20,0,0,0,0,
f8a9db622871,1-1k,3,9,0,0,0,0,
f8c3e69c78d0,10k-100k,26,6,0,0,0,0,
f8f97bf335c2,1-1k,2,0,0,0,0,0,
f971685f7b57,1k-10k,104,28,5,7,0,2,B_method_blind_retry
f979cf5297a2,1-1k,10,13,0,0,0,3,
f9e34670d3e0,1-1k,15,4,8,0,2,1,
f9e71199b725,1-1k,99,27,9,6,8,4,
fa82a5550f6c,1-1k,80,38,24,1,1,4,
faa9587c0527,1k-10k,58,26,0,0,0,2,
fbf43d9f0da1,1k-10k,70,53,6,22,0,2,
fc1042fd6ef0,1-1k,19,4,3,17,0,0,
fc1047e5443f,1-1k,53,7,1,3,0,0,
fd7784c56567,100k+,95,13,7,1,0,0,B_method_blind_retry
fe55913325cd,1-1k,10,8,0,0,0,0,
fe920cfd5637,1k-10k,57,37,6,13,0,1,
fea83f75dc25,1-1k,5,0,0,0,0,0,
feb7487d06f6,1k-10k,123,16,131,7,2,2,
ff42e697051a,1k-10k,43,19,3,14,7,4,B_method_blind_retry
ff858bc5deaf,1-1k,13,7,5,7,3,2,
